{
  "danceability" : 0.787,
  "energy" : 0.673,
  "key" : 11,
  "loudness" : -4.577,
  "mode" : 0,
  "speechiness" : 0.158,
  "acousticness" : 0.256,
  "instrumentalness" : 0.00000357,
  "liveness" : 0.0904,
  "valence" : 0.786,
  "tempo" : 110.962,
  "type" : "audio_features",
  "id" : "3Dv1eDb0MEgF93GpLXlucZ",
  "uri" : "spotify:track:3Dv1eDb0MEgF93GpLXlucZ",
  "track_href" : "https://api.spotify.com/v1/tracks/3Dv1eDb0MEgF93GpLXlucZ",
  "analysis_url" : "https://api.spotify.com/v1/audio-analysis/3Dv1eDb0MEgF93GpLXlucZ",
  "duration_ms" : 237893,
  "time_signature" : 4
}