{
  "danceability" : 0.755,
  "energy" : 0.522,
  "key" : 2,
  "loudness" : -4.368,
  "mode" : 1,
  "speechiness" : 0.0575,
  "acousticness" : 0.533,
  "instrumentalness" : 0,
  "liveness" : 0.0685,
  "valence" : 0.925,
  "tempo" : 89.960,
  "type" : "audio_features",
  "id" : "0RiRZpuVRbi7oqRdSMwhQY",
  "uri" : "spotify:track:0RiRZpuVRbi7oqRdSMwhQY",
  "track_href" : "https://api.spotify.com/v1/tracks/0RiRZpuVRbi7oqRdSMwhQY",
  "analysis_url" : "https://api.spotify.com/v1/audio-analysis/0RiRZpuVRbi7oqRdSMwhQY",
  "duration_ms" : 157560,
  "time_signature" : 4
}